<?xml version="1.0" encoding="UTF-8"?>
<root>
  <item name="com.devbrackets.android.playlistcore.annotation.AudioStreamType">
    <annotation name="android.support.annotation.IntDef">
      <val name="value" val="{android.media.AudioManager.STREAM_VOICE_CALL, android.media.AudioManager.STREAM_SYSTEM, android.media.AudioManager.STREAM_RING, android.media.AudioManager.STREAM_MUSIC, android.media.AudioManager.STREAM_ALARM, android.media.AudioManager.STREAM_NOTIFICATION, android.media.AudioManager.STREAM_DTMF}" />
    </annotation>
  </item>
  <item name="com.devbrackets.android.playlistcore.annotation.ServiceContinuationMethod">
    <annotation name="android.support.annotation.IntDef">
      <val name="value" val="{android.app.Service.START_STICKY, android.app.Service.START_NOT_STICKY, android.app.Service.START_REDELIVER_INTENT}" />
    </annotation>
  </item>
  <item name="com.devbrackets.android.playlistcore.annotation.SupportedMediaType">
    <annotation name="android.support.annotation.IntDef">
      <val name="flag" val="true" />
      <val name="value" val="{com.devbrackets.android.playlistcore.manager.BasePlaylistManager.AUDIO, com.devbrackets.android.playlistcore.manager.BasePlaylistManager.VIDEO}" />
    </annotation>
  </item>
  <item name="com.devbrackets.android.playlistcore.annotation.WakeMode">
    <annotation name="android.support.annotation.IntDef">
      <val name="value" val="{android.os.PowerManager.PARTIAL_WAKE_LOCK, android.os.PowerManager.SCREEN_BRIGHT_WAKE_LOCK, android.os.PowerManager.SCREEN_BRIGHT_WAKE_LOCK, android.os.PowerManager.FULL_WAKE_LOCK}" />
    </annotation>
  </item>
</root>

