<?xml version="1.0" encoding="UTF-8"?>
<root>
  <item name="com.devbrackets.android.playlistcore.api.AudioPlayerApi void setStreamType(int) 0">
    <annotation name="android.support.annotation.IntDef">
      <val name="value" val="{android.media.AudioManager.STREAM_VOICE_CALL, android.media.AudioManager.STREAM_SYSTEM, android.media.AudioManager.STREAM_RING, android.media.AudioManager.STREAM_MUSIC, android.media.AudioManager.STREAM_ALARM, android.media.AudioManager.STREAM_NOTIFICATION, android.media.AudioManager.STREAM_DTMF}" />
    </annotation>
  </item>
  <item name="com.devbrackets.android.playlistcore.api.AudioPlayerApi void setWakeMode(android.content.Context, int) 1">
    <annotation name="android.support.annotation.IntDef">
      <val name="value" val="{android.os.PowerManager.PARTIAL_WAKE_LOCK, android.os.PowerManager.SCREEN_BRIGHT_WAKE_LOCK, android.os.PowerManager.SCREEN_BRIGHT_WAKE_LOCK, android.os.PowerManager.FULL_WAKE_LOCK}" />
    </annotation>
  </item>
</root>

