<?xml version="1.0" encoding="UTF-8"?>
<root>
  <item name="com.devbrackets.android.playlistcore.manager.BasePlaylistManager int getCurrentItemType()">
    <annotation name="android.support.annotation.IntDef">
      <val name="flag" val="true" />
      <val name="value" val="{com.devbrackets.android.playlistcore.manager.BasePlaylistManager.AUDIO, com.devbrackets.android.playlistcore.manager.BasePlaylistManager.VIDEO}" />
    </annotation>
  </item>
  <item name="com.devbrackets.android.playlistcore.manager.BasePlaylistManager void setAllowedMediaType(int) 0">
    <annotation name="android.support.annotation.IntDef">
      <val name="flag" val="true" />
      <val name="value" val="{com.devbrackets.android.playlistcore.manager.BasePlaylistManager.AUDIO, com.devbrackets.android.playlistcore.manager.BasePlaylistManager.VIDEO}" />
    </annotation>
  </item>
  <item name="com.devbrackets.android.playlistcore.manager.BasePlaylistManager&lt;I&gt; allowedTypeFlag">
    <annotation name="android.support.annotation.IntDef">
      <val name="flag" val="true" />
      <val name="value" val="{com.devbrackets.android.playlistcore.manager.BasePlaylistManager.AUDIO, com.devbrackets.android.playlistcore.manager.BasePlaylistManager.VIDEO}" />
    </annotation>
  </item>
  <item name="com.devbrackets.android.playlistcore.manager.IPlaylistItem int getMediaType()">
    <annotation name="android.support.annotation.IntDef">
      <val name="flag" val="true" />
      <val name="value" val="{com.devbrackets.android.playlistcore.manager.BasePlaylistManager.AUDIO, com.devbrackets.android.playlistcore.manager.BasePlaylistManager.VIDEO}" />
    </annotation>
  </item>
</root>

