<?xml version="1.0" encoding="UTF-8"?>
<root>
  <item name="com.devbrackets.android.playlistcore.service.PlaylistServiceCore boolean currentItemIsType(int) 0">
    <annotation name="android.support.annotation.IntDef">
      <val name="flag" val="true" />
      <val name="value" val="{com.devbrackets.android.playlistcore.manager.BasePlaylistManager.AUDIO, com.devbrackets.android.playlistcore.manager.BasePlaylistManager.VIDEO}" />
    </annotation>
  </item>
  <item name="com.devbrackets.android.playlistcore.service.PlaylistServiceCore int getServiceContinuationMethod()">
    <annotation name="android.support.annotation.IntDef">
      <val name="value" val="{android.app.Service.START_STICKY, android.app.Service.START_NOT_STICKY, android.app.Service.START_REDELIVER_INTENT}" />
    </annotation>
  </item>
  <item name="com.devbrackets.android.playlistcore.service.PlaylistServiceCore void updateAllowedMediaType(int) 0">
    <annotation name="android.support.annotation.IntDef">
      <val name="flag" val="true" />
      <val name="value" val="{com.devbrackets.android.playlistcore.manager.BasePlaylistManager.AUDIO, com.devbrackets.android.playlistcore.manager.BasePlaylistManager.VIDEO}" />
    </annotation>
  </item>
</root>

