<?xml version="1.0" encoding="UTF-8"?>
<root>
  <item name="com.devbrackets.android.exomedia.core.exoplayer.EMExoPlayer com.google.android.exoplayer.MediaFormat getTrackFormat(int, int) 0">
    <annotation name="android.support.annotation.IntDef">
      <val name="value" val="{com.devbrackets.android.exomedia.core.exoplayer.EMExoPlayer.RENDER_AUDIO, com.devbrackets.android.exomedia.core.exoplayer.EMExoPlayer.RENDER_VIDEO, com.devbrackets.android.exomedia.core.exoplayer.EMExoPlayer.RENDER_CLOSED_CAPTION, com.devbrackets.android.exomedia.core.exoplayer.EMExoPlayer.RENDER_TIMED_METADATA}" />
    </annotation>
  </item>
  <item name="com.devbrackets.android.exomedia.core.exoplayer.EMExoPlayer int getSelectedTrack(int) 0">
    <annotation name="android.support.annotation.IntDef">
      <val name="value" val="{com.devbrackets.android.exomedia.core.exoplayer.EMExoPlayer.RENDER_AUDIO, com.devbrackets.android.exomedia.core.exoplayer.EMExoPlayer.RENDER_VIDEO, com.devbrackets.android.exomedia.core.exoplayer.EMExoPlayer.RENDER_CLOSED_CAPTION, com.devbrackets.android.exomedia.core.exoplayer.EMExoPlayer.RENDER_TIMED_METADATA}" />
    </annotation>
  </item>
  <item name="com.devbrackets.android.exomedia.core.exoplayer.EMExoPlayer int getTrackCount(int) 0">
    <annotation name="android.support.annotation.IntDef">
      <val name="value" val="{com.devbrackets.android.exomedia.core.exoplayer.EMExoPlayer.RENDER_AUDIO, com.devbrackets.android.exomedia.core.exoplayer.EMExoPlayer.RENDER_VIDEO, com.devbrackets.android.exomedia.core.exoplayer.EMExoPlayer.RENDER_CLOSED_CAPTION, com.devbrackets.android.exomedia.core.exoplayer.EMExoPlayer.RENDER_TIMED_METADATA}" />
    </annotation>
  </item>
  <item name="com.devbrackets.android.exomedia.core.exoplayer.EMExoPlayer void setSelectedTrack(int, int) 0">
    <annotation name="android.support.annotation.IntDef">
      <val name="value" val="{com.devbrackets.android.exomedia.core.exoplayer.EMExoPlayer.RENDER_AUDIO, com.devbrackets.android.exomedia.core.exoplayer.EMExoPlayer.RENDER_VIDEO, com.devbrackets.android.exomedia.core.exoplayer.EMExoPlayer.RENDER_CLOSED_CAPTION, com.devbrackets.android.exomedia.core.exoplayer.EMExoPlayer.RENDER_TIMED_METADATA}" />
    </annotation>
  </item>
</root>

